run_name,encoder,head,accuracy,macro_f1,false_motion_count,false_text_count,false_motion_rate_total,false_text_rate_total,false_motion_rate_by_chat,false_text_rate_by_motion,chat_accuracy,motion_query_accuracy
qwen3_0_6b__mlp,qwen3_0_6b,mlp,0.84000000,0.83896940,16,8,0.10666667,0.05333333,0.21917808,0.10389610,0.78082192,0.89610390
clip__mlp,clip,mlp,0.83333333,0.83207201,17,8,0.11333333,0.05333333,0.23287671,0.10389610,0.76712329,0.89610390
tfidf__mlp,tfidf,mlp,0.79333333,0.79176929,20,11,0.13333333,0.07333333,0.27397260,0.14285714,0.72602740,0.85714286
tfidf__logreg,tfidf,logreg,0.78666667,0.78479197,21,11,0.14000000,0.07333333,0.28767123,0.14285714,0.71232877,0.85714286
minilm__mlp,minilm,mlp,0.77333333,0.77072469,23,11,0.15333333,0.07333333,0.31506849,0.14285714,0.68493151,0.85714286
clip__logreg,clip,logreg,0.75333333,0.74628571,29,8,0.19333333,0.05333333,0.39726027,0.10389610,0.60273973,0.89610390
qwen3_0_6b__logreg,qwen3_0_6b,logreg,0.75333333,0.74375548,31,6,0.20666667,0.04000000,0.42465753,0.07792208,0.57534247,0.92207792
minilm__logreg,minilm,logreg,0.68000000,0.66844723,36,12,0.24000000,0.08000000,0.49315068,0.15584416,0.50684932,0.84415584
