run_name,encoder,head,accuracy,macro_f1,false_motion_count,false_text_count,false_motion_rate_total,false_text_rate_total,false_motion_rate_by_chat,false_text_rate_by_motion,chat_accuracy,motion_query_accuracy
qwen3_0_6b__mlp,qwen3_0_6b,mlp,0.84166667,0.83978638,16,3,0.13333333,0.02500000,0.26666667,0.05000000,0.73333333,0.95000000
clip__mlp,clip,mlp,0.82500000,0.82351705,16,5,0.13333333,0.04166667,0.26666667,0.08333333,0.73333333,0.91666667
tfidf__logreg,tfidf,logreg,0.77500000,0.77232802,20,7,0.16666667,0.05833333,0.33333333,0.11666667,0.66666667,0.88333333
tfidf__mlp,tfidf,mlp,0.76666667,0.76503497,19,9,0.15833333,0.07500000,0.31666667,0.15000000,0.68333333,0.85000000
minilm__mlp,minilm,mlp,0.75833333,0.75449735,22,7,0.18333333,0.05833333,0.36666667,0.11666667,0.63333333,0.88333333
clip__logreg,clip,logreg,0.75833333,0.75069847,25,4,0.20833333,0.03333333,0.41666667,0.06666667,0.58333333,0.93333333
qwen3_0_6b__logreg,qwen3_0_6b,logreg,0.74166667,0.72789116,29,2,0.24166667,0.01666667,0.48333333,0.03333333,0.51666667,0.96666667
minilm__logreg,minilm,logreg,0.65833333,0.64011411,34,7,0.28333333,0.05833333,0.56666667,0.11666667,0.43333333,0.88333333
