{
  "summary": {
    "run_name": "tfidf__logreg",
    "encoder": "tfidf",
    "head": "logreg",
    "input_dim": 5497,
    "epochs_completed": 60,
    "best_epoch": 60,
    "train_accuracy": 0.9674166666666667,
    "val_accuracy": 0.9146666666666666,
    "test_accuracy": 0.938,
    "test_macro_f1": 0.9282625265019891,
    "test_final_ratio_accuracy": 0.9233333333333333,
    "test_avg_pred_decision_rate": 0.7733333333333333,
    "test_avg_pred_wait_rate": 0.22666666666666666,
    "elapsed_seconds": 11.09347079996951
  },
  "config": {
    "run_name": "tfidf__logreg",
    "encoder": "tfidf",
    "head": "logreg",
    "task": "version2_prefix_three_class",
    "text_column": "prefix_utterance",
    "device": "cuda",
    "input_dim": 5497,
    "epochs_requested": 60,
    "epochs_completed": 60,
    "best_epoch": 60,
    "batch_size": 128,
    "lr": 0.001,
    "weight_decay": 0.0001,
    "mlp_hidden_dim": 256,
    "dropout": 0.2
  },
  "metrics": {
    "train": {
      "accuracy": 0.9674166666666667,
      "macro_f1": 0.9643196697972701,
      "confusion_matrix": {
        "labels": [
          "chat",
          "motion_query",
          "wait"
        ],
        "matrix": [
          [
            4395,
            1,
            106
          ],
          [
            0,
            4313,
            192
          ],
          [
            71,
            21,
            2901
          ]
        ]
      },
      "classification_report": {
        "chat": {
          "precision": 0.98410210479176,
          "recall": 0.9762327854286984,
          "f1-score": 0.9801516503122212,
          "support": 4502.0
        },
        "motion_query": {
          "precision": 0.9949250288350634,
          "recall": 0.9573806881243063,
          "f1-score": 0.9757918552036199,
          "support": 4505.0
        },
        "wait": {
          "precision": 0.9068458893404189,
          "recall": 0.9692616104243235,
          "f1-score": 0.937015503875969,
          "support": 2993.0
        },
        "accuracy": 0.9674166666666667,
        "macro avg": {
          "precision": 0.961957674322414,
          "recall": 0.9676250279924427,
          "f1-score": 0.9643196697972701,
          "support": 12000.0
        },
        "weighted avg": {
          "precision": 0.9688962231225281,
          "recall": 0.9674166666666667,
          "f1-score": 0.9677560367082251,
          "support": 12000.0
        }
      }
    },
    "val": {
      "accuracy": 0.9146666666666666,
      "macro_f1": 0.9083351648001631,
      "confusion_matrix": {
        "labels": [
          "chat",
          "motion_query",
          "wait"
        ],
        "matrix": [
          [
            522,
            0,
            38
          ],
          [
            0,
            509,
            46
          ],
          [
            20,
            24,
            341
          ]
        ]
      },
      "classification_report": {
        "chat": {
          "precision": 0.9630996309963099,
          "recall": 0.9321428571428572,
          "f1-score": 0.9473684210526315,
          "support": 560.0
        },
        "motion_query": {
          "precision": 0.9549718574108818,
          "recall": 0.9171171171171171,
          "f1-score": 0.9356617647058824,
          "support": 555.0
        },
        "wait": {
          "precision": 0.8023529411764706,
          "recall": 0.8857142857142857,
          "f1-score": 0.8419753086419753,
          "support": 385.0
        },
        "accuracy": 0.9146666666666666,
        "macro avg": {
          "precision": 0.9068081431945542,
          "recall": 0.9116580866580867,
          "f1-score": 0.9083351648001631,
          "support": 1500.0
        },
        "weighted avg": {
          "precision": 0.9188340377159427,
          "recall": 0.9146666666666666,
          "f1-score": 0.915986059352266,
          "support": 1500.0
        }
      }
    },
    "test": {
      "accuracy": 0.938,
      "macro_f1": 0.9282625265019891,
      "confusion_matrix": {
        "labels": [
          "chat",
          "motion_query",
          "wait"
        ],
        "matrix": [
          [
            534,
            1,
            24
          ],
          [
            1,
            576,
            19
          ],
          [
            25,
            23,
            297
          ]
        ]
      },
      "classification_report": {
        "chat": {
          "precision": 0.9535714285714286,
          "recall": 0.9552772808586762,
          "f1-score": 0.9544235924932976,
          "support": 559.0
        },
        "motion_query": {
          "precision": 0.96,
          "recall": 0.9664429530201343,
          "f1-score": 0.9632107023411371,
          "support": 596.0
        },
        "wait": {
          "precision": 0.8735294117647059,
          "recall": 0.8608695652173913,
          "f1-score": 0.8671532846715329,
          "support": 345.0
        },
        "accuracy": 0.938,
        "macro avg": {
          "precision": 0.9290336134453782,
          "recall": 0.9275299330320673,
          "f1-score": 0.9282625265019891,
          "support": 1500.0
        },
        "weighted avg": {
          "precision": 0.937716050420168,
          "recall": 0.938,
          "f1-score": 0.9378428333404998,
          "support": 1500.0
        }
      }
    }
  },
  "metrics_by_prefix_ratio": {
    "train": [
      {
        "target_prefix_ratio": "0.20",
        "num_examples": 2400,
        "accuracy": 0.9970833333333333,
        "macro_f1": 0.9971033222298548,
        "gold_wait_rate": 0.4425,
        "pred_wait_rate": 0.4404166666666667,
        "pred_decision_rate": 0.5595833333333333,
        "non_wait_gold_accuracy": 0.9992526158445441,
        "decision_accuracy": 0.9955323901712584
      },
      {
        "target_prefix_ratio": "0.40",
        "num_examples": 2400,
        "accuracy": 0.99625,
        "macro_f1": 0.996277164379587,
        "gold_wait_rate": 0.3641666666666667,
        "pred_wait_rate": 0.36125,
        "pred_decision_rate": 0.63875,
        "non_wait_gold_accuracy": 0.9993446920052425,
        "decision_accuracy": 0.994781474233529
      },
      {
        "target_prefix_ratio": "0.60",
        "num_examples": 2400,
        "accuracy": 0.97125,
        "macro_f1": 0.97047384209068,
        "gold_wait_rate": 0.32458333333333333,
        "pred_wait_rate": 0.3016666666666667,
        "pred_decision_rate": 0.6983333333333334,
        "non_wait_gold_accuracy": 0.9956816779765577,
        "decision_accuracy": 0.9630071599045346
      },
      {
        "target_prefix_ratio": "0.80",
        "num_examples": 2400,
        "accuracy": 0.9475,
        "macro_f1": 0.9155552835126146,
        "gold_wait_rate": 0.11583333333333333,
        "pred_wait_rate": 0.155,
        "pred_decision_rate": 0.845,
        "non_wait_gold_accuracy": 0.9481621112158342,
        "decision_accuracy": 0.9921104536489151
      },
      {
        "target_prefix_ratio": "1.00",
        "num_examples": 2400,
        "accuracy": 0.925,
        "macro_f1": 0.6400223856152176,
        "gold_wait_rate": 0.0,
        "pred_wait_rate": 0.07458333333333333,
        "pred_decision_rate": 0.9254166666666667,
        "non_wait_gold_accuracy": 0.925,
        "decision_accuracy": 0.9995497523638001
      }
    ],
    "val": [
      {
        "target_prefix_ratio": "0.20",
        "num_examples": 300,
        "accuracy": 0.9933333333333333,
        "macro_f1": 0.9934054159888205,
        "gold_wait_rate": 0.48,
        "pred_wait_rate": 0.47333333333333333,
        "pred_decision_rate": 0.5266666666666666,
        "non_wait_gold_accuracy": 1.0,
        "decision_accuracy": 0.9873417721518988
      },
      {
        "target_prefix_ratio": "0.40",
        "num_examples": 300,
        "accuracy": 0.97,
        "macro_f1": 0.9707513285065207,
        "gold_wait_rate": 0.37666666666666665,
        "pred_wait_rate": 0.35333333333333333,
        "pred_decision_rate": 0.6466666666666666,