{
  "run_name": "clip__mlp",
  "encoder": "clip",
  "head": "mlp",
  "hard_test_file": "D:\\ChengZY\\mode classifier\\CS181_Final_Project\\our_part\\data\\hard_test\\hard_test.csv",
  "metrics": {
    "accuracy": 0.8333333333333334,
    "macro_f1": 0.832072007523174,
    "false_motion_count": 17,
    "false_text_count": 8,
    "false_motion_rate_total": 0.11333333333333333,
    "false_text_rate_total": 0.05333333333333334,
    "false_motion_rate_by_chat": 0.2328767123287671,
    "false_text_rate_by_motion": 0.1038961038961039,
    "chat_accuracy": 0.7671232876712328,
    "motion_query_accuracy": 0.8961038961038961,
    "confusion_matrix": {
      "labels": [
        "chat",
        "motion_query"
      ],
      "matrix": [
        [
          56,
          17
        ],
        [
          8,
          69
        ]
      ]
    },
    "classification_report": {
      "chat": {
        "precision": 0.875,
        "recall": 0.7671232876712328,
        "f1-score": 0.8175182481751825,
        "support": 73.0
      },
      "motion_query": {
        "precision": 0.8023255813953488,
        "recall": 0.8961038961038961,
        "f1-score": 0.8466257668711656,
        "support": 77.0
      },
      "accuracy": 0.8333333333333334,
      "macro avg": {
        "precision": 0.8386627906976745,
        "recall": 0.8316135918875645,
        "f1-score": 0.832072007523174,
        "support": 150.0
      },
      "weighted avg": {
        "precision": 0.8376937984496123,
        "recall": 0.8333333333333334,
        "f1-score": 0.8324601077724539,
        "support": 150.0
      }
    }
  },
  "source_model_config": {
    "run_name": "clip__mlp",
    "encoder": "clip",
    "head": "mlp",
    "device": "cuda",
    "input_dim": 512,
    "epochs_requested": 60,
    "epochs_completed": 44,
    "best_epoch": 29,
    "batch_size": 64,
    "lr": 0.001,
    "weight_decay": 0.0001,
    "mlp_hidden_dim": 256,
    "dropout": 0.2
  }
}