{
  "run_name": "qwen3_0_6b__logreg",
  "encoder": "qwen3_0_6b",
  "head": "logreg",
  "hard_test_file": "D:\\ChengZY\\mode classifier\\CS181_Final_Project\\our_part\\data\\hard_test\\hard_test.csv",
  "metrics": {
    "accuracy": 0.7533333333333333,
    "macro_f1": 0.7437554827092664,
    "false_motion_count": 31,
    "false_text_count": 6,
    "false_motion_rate_total": 0.20666666666666667,
    "false_text_rate_total": 0.04,
    "false_motion_rate_by_chat": 0.4246575342465753,
    "false_text_rate_by_motion": 0.07792207792207792,
    "chat_accuracy": 0.5753424657534246,
    "motion_query_accuracy": 0.922077922077922,
    "confusion_matrix": {
      "labels": [
        "chat",
        "motion_query"
      ],
      "matrix": [
        [
          42,
          31
        ],
        [
          6,
          71
        ]
      ]
    },
    "classification_report": {
      "chat": {
        "precision": 0.875,
        "recall": 0.5753424657534246,
        "f1-score": 0.6942148760330579,
        "support": 73.0
      },
      "motion_query": {
        "precision": 0.696078431372549,
        "recall": 0.922077922077922,
        "f1-score": 0.7932960893854749,
        "support": 77.0
      },
      "accuracy": 0.7533333333333333,
      "macro avg": {
        "precision": 0.7855392156862745,
        "recall": 0.7487101939156733,
        "f1-score": 0.7437554827092664,
        "support": 150.0
      },
      "weighted avg": {
        "precision": 0.7831535947712418,
        "recall": 0.7533333333333333,
        "f1-score": 0.7450765655539653,
        "support": 150.0
      }
    }
  },
  "source_model_config": {
    "run_name": "qwen3_0_6b__logreg",
    "encoder": "qwen3_0_6b",
    "head": "logreg",
    "device": "cuda",
    "input_dim": 1024,
    "epochs_requested": 60,
    "epochs_completed": 60,
    "best_epoch": 60,
    "batch_size": 64,
    "lr": 0.001,
    "weight_decay": 0.0001,
    "mlp_hidden_dim": 256,
    "dropout": 0.2
  }
}