{
  "run_name": "tfidf__logreg",
  "encoder": "tfidf",
  "head": "logreg",
  "hard_test_file": "D:\\ChengZY\\mode classifier\\CS181_Final_Project\\our_part\\data\\hard_test\\hard_test.csv",
  "metrics": {
    "accuracy": 0.7866666666666666,
    "macro_f1": 0.7847919655667145,
    "false_motion_count": 21,
    "false_text_count": 11,
    "false_motion_rate_total": 0.14,
    "false_text_rate_total": 0.07333333333333333,
    "false_motion_rate_by_chat": 0.2876712328767123,
    "false_text_rate_by_motion": 0.14285714285714285,
    "chat_accuracy": 0.7123287671232876,
    "motion_query_accuracy": 0.8571428571428571,
    "confusion_matrix": {
      "labels": [
        "chat",
        "motion_query"
      ],
      "matrix": [
        [
          52,
          21
        ],
        [
          11,
          66
        ]
      ]
    },
    "classification_report": {
      "chat": {
        "precision": 0.8253968253968254,
        "recall": 0.7123287671232876,
        "f1-score": 0.7647058823529411,
        "support": 73.0
      },
      "motion_query": {
        "precision": 0.7586206896551724,
        "recall": 0.8571428571428571,
        "f1-score": 0.8048780487804879,
        "support": 77.0
      },
      "accuracy": 0.7866666666666666,
      "macro avg": {
        "precision": 0.7920087575259989,
        "recall": 0.7847358121330723,
        "f1-score": 0.7847919655667145,
        "support": 150.0
      },
      "weighted avg": {
        "precision": 0.7911184090494435,
        "recall": 0.7866666666666666,
        "f1-score": 0.7853275944524151,
        "support": 150.0
      }
    }
  },
  "source_model_config": {
    "run_name": "tfidf__logreg",
    "encoder": "tfidf",
    "head": "logreg",
    "device": "cuda",
    "input_dim": 5497,
    "epochs_requested": 60,
    "epochs_completed": 60,
    "best_epoch": 60,
    "batch_size": 64,
    "lr": 0.001,
    "weight_decay": 0.0001,
    "mlp_hidden_dim": 256,
    "dropout": 0.2
  }
}