{
  "run_name": "tfidf__mlp",
  "encoder": "tfidf",
  "head": "mlp",
  "hard_test_file": "D:\\ChengZY\\mode classifier\\CS181_Final_Project\\our_part\\data\\hard_test\\hard_test.csv",
  "metrics": {
    "accuracy": 0.7933333333333333,
    "macro_f1": 0.7917692893287358,
    "false_motion_count": 20,
    "false_text_count": 11,
    "false_motion_rate_total": 0.13333333333333333,
    "false_text_rate_total": 0.07333333333333333,
    "false_motion_rate_by_chat": 0.273972602739726,
    "false_text_rate_by_motion": 0.14285714285714285,
    "chat_accuracy": 0.726027397260274,
    "motion_query_accuracy": 0.8571428571428571,
    "confusion_matrix": {
      "labels": [
        "chat",
        "motion_query"
      ],
      "matrix": [
        [
          53,
          20
        ],
        [
          11,
          66
        ]
      ]
    },
    "classification_report": {
      "chat": {
        "precision": 0.828125,
        "recall": 0.726027397260274,
        "f1-score": 0.7737226277372263,
        "support": 73.0
      },
      "motion_query": {
        "precision": 0.7674418604651163,
        "recall": 0.8571428571428571,
        "f1-score": 0.8098159509202454,
        "support": 77.0
      },
      "accuracy": 0.7933333333333333,
      "macro avg": {
        "precision": 0.7977834302325582,
        "recall": 0.7915851272015655,
        "f1-score": 0.7917692893287358,
        "support": 150.0
      },
      "weighted avg": {
        "precision": 0.7969743217054264,
        "recall": 0.7933333333333333,
        "f1-score": 0.7922505336378428,
        "support": 150.0
      }
    }
  },
  "source_model_config": {
    "run_name": "tfidf__mlp",
    "encoder": "tfidf",
    "head": "mlp",
    "device": "cuda",
    "input_dim": 5497,
    "epochs_requested": 60,
    "epochs_completed": 60,
    "best_epoch": 60,
    "batch_size": 64,
    "lr": 0.001,
    "weight_decay": 0.0001,
    "mlp_hidden_dim": 256,
    "dropout": 0.2
  }
}