{
  "summary": {
    "run_name": "tfidf__logreg",
    "encoder": "tfidf",
    "head": "logreg",
    "input_dim": 5497,
    "epochs_completed": 60,
    "best_epoch": 60,
    "train_accuracy": 0.9991666666666666,
    "val_accuracy": 0.9966666666666667,
    "test_accuracy": 0.9933333333333333,
    "test_macro_f1": 0.9933330370238678,
    "test_false_motion_count": 0,
    "test_false_text_count": 2,
    "elapsed_seconds": 3.1637750000227243
  },
  "config": {
    "run_name": "tfidf__logreg",
    "encoder": "tfidf",
    "head": "logreg",
    "device": "cuda",
    "input_dim": 5497,
    "epochs_requested": 60,
    "epochs_completed": 60,
    "best_epoch": 60,
    "batch_size": 64,
    "lr": 0.001,
    "weight_decay": 0.0001,
    "mlp_hidden_dim": 256,
    "dropout": 0.2
  },
  "metrics": {
    "train": {
      "accuracy": 0.9991666666666666,
      "macro_f1": 0.9991666666666666,
      "false_motion_count": 1,
      "false_text_count": 1,
      "confusion_matrix": {
        "labels": [
          "chat",
          "motion_query"
        ],
        "matrix": [
          [
            1199,
            1
          ],
          [
            1,
            1199
          ]
        ]
      },
      "classification_report": {
        "chat": {
          "precision": 0.9991666666666666,
          "recall": 0.9991666666666666,
          "f1-score": 0.9991666666666666,
          "support": 1200.0
        },
        "motion_query": {
          "precision": 0.9991666666666666,
          "recall": 0.9991666666666666,
          "f1-score": 0.9991666666666666,
          "support": 1200.0
        },
        "accuracy": 0.9991666666666666,
        "macro avg": {
          "precision": 0.9991666666666666,
          "recall": 0.9991666666666666,
          "f1-score": 0.9991666666666666,
          "support": 2400.0
        },
        "weighted avg": {
          "precision": 0.9991666666666666,
          "recall": 0.9991666666666666,
          "f1-score": 0.9991666666666666,
          "support": 2400.0
        }
      }
    },
    "val": {
      "accuracy": 0.9966666666666667,
      "macro_f1": 0.9966666296292181,
      "false_motion_count": 0,
      "false_text_count": 1,
      "confusion_matrix": {
        "labels": [
          "chat",
          "motion_query"
        ],
        "matrix": [
          [
            150,
            0
          ],
          [
            1,
            149
          ]
        ]
      },
      "classification_report": {
        "chat": {
          "precision": 0.9933774834437086,
          "recall": 1.0,
          "f1-score": 0.9966777408637874,
          "support": 150.0
        },
        "motion_query": {
          "precision": 1.0,
          "recall": 0.9933333333333333,
          "f1-score": 0.9966555183946488,
          "support": 150.0
        },
        "accuracy": 0.9966666666666667,
        "macro avg": {
          "precision": 0.9966887417218543,
          "recall": 0.9966666666666666,
          "f1-score": 0.9966666296292181,
          "support": 300.0
        },
        "weighted avg": {
          "precision": 0.9966887417218542,
          "recall": 0.9966666666666667,
          "f1-score": 0.996666629629218,
          "support": 300.0
        }
      }
    },
    "test": {
      "accuracy": 0.9933333333333333,
      "macro_f1": 0.9933330370238678,
      "false_motion_count": 0,
      "false_text_count": 2,
      "confusion_matrix": {
        "labels": [
          "chat",
          "motion_query"
        ],
        "matrix": [
          [
            150,
            0
          ],
          [
            2,
            148
          ]
        ]
      },
      "classification_report": {
        "chat": {
          "precision": 0.9868421052631579,
          "recall": 1.0,
          "f1-score": 0.9933774834437086,
          "support": 150.0
        },
        "motion_query": {
          "precision": 1.0,
          "recall": 0.9866666666666667,
          "f1-score": 0.9932885906040269,
          "support": 150.0
        },
        "accuracy": 0.9933333333333333,
        "macro avg": {
          "precision": 0.993421052631579,
          "recall": 0.9933333333333334,
          "f1-score": 0.9933330370238678,
          "support": 300.0
        },
        "weighted avg": {
          "precision": 0.9934210526315788,
          "recall": 0.9933333333333333,
          "f1-score": 0.9933330370238677,
          "support": 300.0
        }
      }
    }
  }
}
