{
  "run_name": "minilm__mlp",
  "encoder": "minilm",
  "head": "mlp",
  "hard_test_file": "D:\\ChengZY\\mode classifier\\CS181_Final_Project\\our_part\\data\\hard_test\\hard_test.csv",
  "metrics": {
    "accuracy": 0.7733333333333333,
    "macro_f1": 0.7707246898039921,
    "false_motion_count": 23,
    "false_text_count": 11,
    "false_motion_rate_total": 0.15333333333333332,
    "false_text_rate_total": 0.07333333333333333,
    "false_motion_rate_by_chat": 0.3150684931506849,
    "false_text_rate_by_motion": 0.14285714285714285,
    "chat_accuracy": 0.684931506849315,
    "motion_query_accuracy": 0.8571428571428571,
    "confusion_matrix": {
      "labels": [
        "chat",
        "motion_query"
      ],
      "matrix": [
        [
          50,
          23
        ],
        [
          11,
          66
        ]
      ]
    },
    "classification_report": {
      "chat": {
        "precision": 0.819672131147541,
        "recall": 0.684931506849315,
        "f1-score": 0.746268656716418,
        "support": 73.0
      },
      "motion_query": {
        "precision": 0.7415730337078652,
        "recall": 0.8571428571428571,
        "f1-score": 0.7951807228915663,
        "support": 77.0
      },
      "accuracy": 0.7733333333333333,
      "macro avg": {
        "precision": 0.7806225824277031,
        "recall": 0.7710371819960861,
        "f1-score": 0.7707246898039921,
        "support": 150.0
      },
      "weighted avg": {
        "precision": 0.7795812611285075,
        "recall": 0.7733333333333333,
        "f1-score": 0.7713768506863274,
        "support": 150.0
      }
    }
  },
  "source_model_config": {
    "run_name": "minilm__mlp",
    "encoder": "minilm",
    "head": "mlp",
    "device": "cuda",
    "input_dim": 384,
    "epochs_requested": 60,
    "epochs_completed": 33,
    "best_epoch": 18,
    "batch_size": 64,
    "lr": 0.001,
    "weight_decay": 0.0001,
    "mlp_hidden_dim": 256,
    "dropout": 0.2
  }
}