{
  "run_name": "tfidf__logreg",
  "encoder": "tfidf",
  "head": "logreg",
  "hard_test_file": "D:\\ChengZY\\mode classifier\\CS181_Final_Project\\our_part\\data\\hard_test\\hard_test.csv",
  "metrics": {
    "accuracy": 0.775,
    "macro_f1": 0.7723280163024383,
    "false_motion_count": 20,
    "false_text_count": 7,
    "false_motion_rate_total": 0.16666666666666666,
    "false_text_rate_total": 0.058333333333333334,
    "false_motion_rate_by_chat": 0.3333333333333333,
    "false_text_rate_by_motion": 0.11666666666666667,
    "chat_accuracy": 0.6666666666666666,
    "motion_query_accuracy": 0.8833333333333333,
    "confusion_matrix": {
      "labels": [
        "chat",
        "motion_query"
      ],
      "matrix": [
        [
          40,
          20
        ],
        [
          7,
          53
        ]
      ]
    },
    "classification_report": {
      "chat": {
        "precision": 0.851063829787234,
        "recall": 0.6666666666666666,
        "f1-score": 0.7476635514018691,
        "support": 60.0
      },
      "motion_query": {
        "precision": 0.726027397260274,
        "recall": 0.8833333333333333,
        "f1-score": 0.7969924812030075,
        "support": 60.0
      },
      "accuracy": 0.775,
      "macro avg": {
        "precision": 0.7885456135237541,
        "recall": 0.7749999999999999,
        "f1-score": 0.7723280163024383,
        "support": 120.0
      },
      "weighted avg": {
        "precision": 0.788545613523754,
        "recall": 0.775,
        "f1-score": 0.7723280163024383,
        "support": 120.0
      }
    }
  },
  "source_model_config": {
    "run_name": "tfidf__logreg",
    "encoder": "tfidf",
    "head": "logreg",
    "device": "cuda",
    "input_dim": 5497,
    "epochs_requested": 60,
    "epochs_completed": 60,
    "best_epoch": 60,
    "batch_size": 64,
    "lr": 0.001,
    "weight_decay": 0.0001,
    "mlp_hidden_dim": 256,
    "dropout": 0.2
  }
}