{
  "run_name": "clip__mlp",
  "encoder": "clip",
  "head": "mlp",
  "hard_test_file": "D:\\ChengZY\\mode classifier\\CS181_Final_Project\\our_part\\data\\hard_test\\hard_test.csv",
  "metrics": {
    "accuracy": 0.825,
    "macro_f1": 0.823517053014917,
    "false_motion_count": 16,
    "false_text_count": 5,
    "false_motion_rate_total": 0.13333333333333333,
    "false_text_rate_total": 0.041666666666666664,
    "false_motion_rate_by_chat": 0.26666666666666666,
    "false_text_rate_by_motion": 0.08333333333333333,
    "chat_accuracy": 0.7333333333333333,
    "motion_query_accuracy": 0.9166666666666666,
    "confusion_matrix": {
      "labels": [
        "chat",
        "motion_query"
      ],
      "matrix": [
        [
          44,
          16
        ],
        [
          5,
          55
        ]
      ]
    },
    "classification_report": {
      "chat": {
        "precision": 0.8979591836734694,
        "recall": 0.7333333333333333,
        "f1-score": 0.8073394495412844,
        "support": 60.0
      },
      "motion_query": {
        "precision": 0.7746478873239436,
        "recall": 0.9166666666666666,
        "f1-score": 0.8396946564885496,
        "support": 60.0
      },
      "accuracy": 0.825,
      "macro avg": {
        "precision": 0.8363035354987065,
        "recall": 0.825,
        "f1-score": 0.823517053014917,
        "support": 120.0
      },
      "weighted avg": {
        "precision": 0.8363035354987064,
        "recall": 0.825,
        "f1-score": 0.823517053014917,
        "support": 120.0
      }
    }
  },
  "source_model_config": {
    "run_name": "clip__mlp",
    "encoder": "clip",
    "head": "mlp",
    "device": "cuda",
    "input_dim": 512,
    "epochs_requested": 60,
    "epochs_completed": 44,
    "best_epoch": 29,
    "batch_size": 64,
    "lr": 0.001,
    "weight_decay": 0.0001,
    "mlp_hidden_dim": 256,
    "dropout": 0.2
  }
}