{
  "meta": {
    "generated_at": "2026-06-02 05:45 UTC",
    "dataset": "data_generation\\data\\raw\\deepseek_generated_10000.csv",
    "split": "80/10/10 stratified",
    "device": "cuda",
    "latency_samples": 200,
    "warmup": 5
  },
  "models": [
    {
      "name": "tfidf+logreg",
      "encoder": "tfidf",
      "head": "logreg",
      "accuracy": {
        "test": 0.994,
        "val": 0.997,
        "hard": 0.8666666666666667,
        "hard_details": {
          "accuracy": 0.8666666666666667,
          "macro_f1": 0.8660714285714286,
          "false_motion_rate": 0.03333333333333333,
          "false_text_rate": 0.1,
          "false_motion_count": 1,
          "false_text_count": 3,
          "num_examples": 30,
          "confusion_matrix": {
            "labels": [
              "chat",
              "motion_query"
            ],
            "matrix": [
              [
                12,
                1
              ],
              [
                3,
                14
              ]
            ]
          },
          "classification_report": {
            "chat": {
              "precision": 0.8,
              "recall": 0.9230769230769231,
              "f1-score": 0.8571428571428571,
              "support": 13.0
            },
            "motion_query": {
              "precision": 0.9333333333333333,
              "recall": 0.8235294117647058,
              "f1-score": 0.875,
              "support": 17.0
            },
            "accuracy": 0.8666666666666667,
            "macro avg": {
              "precision": 0.8666666666666667,
              "recall": 0.8733031674208145,
              "f1-score": 0.8660714285714286,
              "support": 30.0
            },
            "weighted avg": {
              "precision": 0.8755555555555555,
              "recall": 0.8666666666666667,
              "f1-score": 0.8672619047619048,
              "support": 30.0
            }
          },
          "mean_p_motion_query": 0.5307871064858789
        }
      },
      "timing": {
        "cache_s": 0.0,
        "head_train_s": 4.8,
        "total_train_s": 4.8
      },
      "latency": {
        "mean_ms": 1.6273320000163949,
        "p50_ms": 1.552700001411722,
        "p95_ms": 2.2516000008181436,
        "min_ms": 1.1493999991216697,
        "max_ms": 3.011200000401004,
        "num_samples": 200
      },
      "status": "ok"
    },
    {
      "name": "tfidf+mlp",
      "encoder": "tfidf",
      "head": "mlp",
      "accuracy": {
        "test": 0.997,
        "val": 0.999,
        "hard": 0.8333333333333334,
        "hard_details": {
          "accuracy": 0.8333333333333334,
          "macro_f1": 0.8316498316498316,
          "false_motion_rate": 0.06666666666666667,
          "false_text_rate": 0.1,
          "false_motion_count": 2,
          "false_text_count": 3,
          "num_examples": 30,
          "confusion_matrix": {
            "labels": [
              "chat",
              "motion_query"
            ],
            "matrix": [
              [
                11,
                2
              ],
              [
                3,
                14
              ]
            ]
          },
          "classification_report": {
            "chat": {
              "precision": 0.7857142857142857,
              "recall": 0.8461538461538461,
              "f1-score": 0.8148148148148148,
              "support": 13.0
            },
            "motion_query": {
              "precision": 0.875,
              "recall": 0.8235294117647058,
              "f1-score": 0.8484848484848485,
              "support": 17.0
            },
            "accuracy": 0.8333333333333334,
            "macro avg": {
              "precision": 0.8303571428571428,
              "recall": 0.8348416289592759,
              "f1-score": 0.8316498316498316,
              "support": 30.0
            },
            "weighted avg": {
              "precision": 0.8363095238095238,
              "recall": 0.8333333333333334,
              "f1-score": 0.8338945005611672,
              "support": 30.0
            }
          },
          "mean_p_motion_query": 0.5677427269461625
        }
      },
      "timing": {
        "cache_s": 0.0,
        "head_train_s": 25.7,
        "total_train_s": 25.7
      },
      "latency": {
        "mean_ms": 1.7255985000065266,
        "p50_ms": 1.5294999993784586,
        "p95_ms": 2.779500000542612,
        "min_ms": 1.1150999998790212,
        "max_ms": 3.4528000014688587,
        "num_samples": 200
      },
      "status": "ok"
    },
    {
      "name": "clip+logreg",
      "encoder": "clip",
      "head": "logreg",
      "accuracy": {
        "test": 0.998,
        "val": 0.995,
        "hard": 0.7666666666666667,
        "hard_details": {
          "accuracy": 0.7666666666666667,
          "macro_f1": 0.7435897435897436,
          "false_motion_rate": 0.2,
          "false_text_rate": 0.03333333333333333,
          "false_motion_count": 6,
          "false_text_count": 1,
          "num_examples": 30,
          "confusion_matrix": {
            "labels": [
              "chat",
              "motion_query"
            ],
            "matrix": [
              [
                7,
                6
              ],
              [
                1,
                16
              ]
            ]
          },
          "classification_report": {
            "chat": {
              "precision": 0.875,
              "recall": 0.5384615384615384,
              "f1-score": 0.6666666666666666,
              "support": 13.0
            },
            "motion_query": {
              "precision": 0.7272727272727273,
              "recall": 0.9411764705882353,
              "f1-score": 0.8205128205128205,
              "support": 17.0
            },
            "accuracy": 0.7666666666666667,
            "macro avg": {
              "precision": 0.8011363636363636,
              "recall": 0.7398190045248869,
              "f1-score": 0.7435897435897436,
              "support": 30.0
            },
            "weighted avg": {
              "precision": 0.7912878787878788,
              "recall": 0.7666666666666667,
              "f1-score": 0.7538461538461537,
              "support": 30.0
            }
          },
          "mean_p_motion_query": 0.6376375441877742
        }
      },
      "timing": {
        "cache_s": 27.25,
        "head_train_s": 9.8,
        "total_train_s": 37.05
      },
      "latency": {
        "mean_ms": 24.17673250001826,
        "p50_ms": 22.69220000016503,
        "p95_ms": 33.99050000007264,
        "min_ms": 18.758800000796327,
        "max_ms": 41.68819999904372,
        "num_samples": 200
      },
      "status": "ok"
    },
    {
      "name": "clip+mlp",
      "encoder": "clip",
      "head": "mlp",
      "accuracy": {
        "test": 0.998,
        "val": 0.998,
        "hard": 0.8333333333333334,
        "hard_details": {
          "accuracy": 0.8333333333333334,
          "macro_f1": 0.8316498316498316,
          "false_motion_rate": 0.06666666666666667,
          "false_text_rate": 0.1,
          "false_motion_count": 2,
          "false_text_count": 3,
          "num_examples": 30,
          "confusion_matrix": {
            "labels": [
              "chat",
              "motion_query"
            ],
            "matrix": [
              [
                11,
                2
              ],
              [
                3,
                14
              ]
            ]
          },
          "classification_report": {
            "chat": {
              "precision": 0.7857142857142857,
              "recall": 0.8461538461538461,
              "f1-score": 0.8148148148148148,
              "support": 13.0
            },
            "motion_query": {
              "precision": 0.875,
              "recall": 0.8235294117647058,
              "f1-score": 0.8484848484848485,
              "support": 17.0
            },
            "accuracy": 0.8333333333333334,