{
  "run_name": "minilm__mlp",
  "encoder": "minilm",
  "head": "mlp",
  "hard_test_file": "D:\\ChengZY\\mode classifier\\CS181_Final_Project\\our_part\\data\\hard_test\\hard_test.csv",
  "metrics": {
    "accuracy": 0.7583333333333333,
    "macro_f1": 0.7544973544973546,
    "false_motion_count": 22,
    "false_text_count": 7,
    "false_motion_rate_total": 0.18333333333333332,
    "false_text_rate_total": 0.058333333333333334,
    "false_motion_rate_by_chat": 0.36666666666666664,
    "false_text_rate_by_motion": 0.11666666666666667,
    "chat_accuracy": 0.6333333333333333,
    "motion_query_accuracy": 0.8833333333333333,
    "confusion_matrix": {
      "labels": [
        "chat",
        "motion_query"
      ],
      "matrix": [
        [
          38,
          22
        ],
        [
          7,
          53
        ]
      ]
    },
    "classification_report": {
      "chat": {
        "precision": 0.8444444444444444,
        "recall": 0.6333333333333333,
        "f1-score": 0.7238095238095238,
        "support": 60.0
      },
      "motion_query": {
        "precision": 0.7066666666666667,
        "recall": 0.8833333333333333,
        "f1-score": 0.7851851851851852,
        "support": 60.0
      },
      "accuracy": 0.7583333333333333,
      "macro avg": {
        "precision": 0.7755555555555556,
        "recall": 0.7583333333333333,
        "f1-score": 0.7544973544973546,
        "support": 120.0
      },
      "weighted avg": {
        "precision": 0.7755555555555556,
        "recall": 0.7583333333333333,
        "f1-score": 0.7544973544973546,
        "support": 120.0
      }
    }
  },
  "source_model_config": {
    "run_name": "minilm__mlp",
    "encoder": "minilm",
    "head": "mlp",
    "device": "cuda",
    "input_dim": 384,
    "epochs_requested": 60,
    "epochs_completed": 33,
    "best_epoch": 18,
    "batch_size": 64,
    "lr": 0.001,
    "weight_decay": 0.0001,
    "mlp_hidden_dim": 256,
    "dropout": 0.2
  }
}