run_name,encoder,head,input_dim,epochs_completed,best_epoch,train_accuracy,val_accuracy,test_accuracy,test_macro_f1,test_final_ratio_accuracy,test_avg_pred_decision_rate,test_avg_pred_wait_rate,elapsed_seconds
tfidf__logreg,tfidf,logreg,5497,60,60,0.9674166666666667,0.9146666666666666,0.938,0.9282625265019891,0.9233333333333333,0.7733333333333333,0.22666666666666666,11.09347079996951
tfidf__mlp,tfidf,mlp,5497,19,4,0.9773333333333334,0.9266666666666666,0.944,0.9352215353092485,0.9366666666666666,0.774,0.22599999999999998,3.9717150998767465
minilm__logreg,minilm,logreg,384,60,60,0.9219166666666667,0.9126666666666666,0.9066666666666666,0.8902161057333471,0.9633333333333334,0.8046666666666666,0.19533333333333333,7.785316099878401
minilm__mlp,minilm,mlp,384,44,29,0.991,0.9606666666666667,0.944,0.9353801138205907,0.9733333333333334,0.7953333333333333,0.20466666666666664,6.901947399834171
clip__logreg,clip,logreg,512,60,60,0.90425,0.8886666666666667,0.896,0.8778426795361168,0.9666666666666667,0.8039999999999999,0.196,8.889684000052512
clip__mlp,clip,mlp,512,60,49,0.991,0.9606666666666667,0.954,0.9470179144514989,0.9766666666666667,0.782,0.21799999999999997,9.33000999991782
qwen3_0_6b__logreg,qwen3_0_6b,logreg,1024,60,60,0.935,0.9186666666666666,0.9146666666666666,0.8998618690220012,0.9666666666666667,0.792,0.20800000000000002,8.259696000022814
qwen3_0_6b__mlp,qwen3_0_6b,mlp,1024,38,23,0.9860833333333333,0.9486666666666667,0.95,0.9423986430603252,0.97,0.7826666666666667,0.21733333333333338,6.726645299931988
