{
  "run_name": "clip__logreg",
  "encoder": "clip",
  "head": "logreg",
  "hard_test_file": "D:\\ChengZY\\mode classifier\\CS181_Final_Project\\our_part\\data\\hard_test\\hard_test.csv",
  "metrics": {
    "accuracy": 0.7533333333333333,
    "macro_f1": 0.7462857142857142,
    "false_motion_count": 29,
    "false_text_count": 8,
    "false_motion_rate_total": 0.19333333333333333,
    "false_text_rate_total": 0.05333333333333334,
    "false_motion_rate_by_chat": 0.3972602739726027,
    "false_text_rate_by_motion": 0.1038961038961039,
    "chat_accuracy": 0.6027397260273972,
    "motion_query_accuracy": 0.8961038961038961,
    "confusion_matrix": {
      "labels": [
        "chat",
        "motion_query"
      ],
      "matrix": [
        [
          44,
          29
        ],
        [
          8,
          69
        ]
      ]
    },
    "classification_report": {
      "chat": {
        "precision": 0.8461538461538461,
        "recall": 0.6027397260273972,
        "f1-score": 0.704,
        "support": 73.0
      },
      "motion_query": {
        "precision": 0.7040816326530612,
        "recall": 0.8961038961038961,
        "f1-score": 0.7885714285714286,
        "support": 77.0
      },
      "accuracy": 0.7533333333333333,
      "macro avg": {
        "precision": 0.7751177394034536,
        "recall": 0.7494218110656466,
        "f1-score": 0.7462857142857142,
        "support": 150.0
      },
      "weighted avg": {
        "precision": 0.7732234432234432,
        "recall": 0.7533333333333333,
        "f1-score": 0.7474133333333333,
        "support": 150.0
      }
    }
  },
  "source_model_config": {
    "run_name": "clip__logreg",
    "encoder": "clip",
    "head": "logreg",
    "device": "cuda",
    "input_dim": 512,
    "epochs_requested": 60,
    "epochs_completed": 60,
    "best_epoch": 60,
    "batch_size": 64,
    "lr": 0.001,
    "weight_decay": 0.0001,
    "mlp_hidden_dim": 256,
    "dropout": 0.2
  }
}