{
  "run_name": "qwen3_0_6b__mlp",
  "encoder": "qwen3_0_6b",
  "head": "mlp",
  "hard_test_file": "D:\\ChengZY\\mode classifier\\CS181_Final_Project\\our_part\\data\\hard_test\\hard_test.csv",
  "metrics": {
    "accuracy": 0.84,
    "macro_f1": 0.8389694041867954,
    "false_motion_count": 16,
    "false_text_count": 8,
    "false_motion_rate_total": 0.10666666666666667,
    "false_text_rate_total": 0.05333333333333334,
    "false_motion_rate_by_chat": 0.2191780821917808,
    "false_text_rate_by_motion": 0.1038961038961039,
    "chat_accuracy": 0.7808219178082192,
    "motion_query_accuracy": 0.8961038961038961,
    "confusion_matrix": {
      "labels": [
        "chat",
        "motion_query"
      ],
      "matrix": [
        [
          57,
          16
        ],
        [
          8,
          69
        ]
      ]
    },
    "classification_report": {
      "chat": {
        "precision": 0.8769230769230769,
        "recall": 0.7808219178082192,
        "f1-score": 0.8260869565217391,
        "support": 73.0
      },
      "motion_query": {
        "precision": 0.8117647058823529,
        "recall": 0.8961038961038961,
        "f1-score": 0.8518518518518519,
        "support": 77.0
      },
      "accuracy": 0.84,
      "macro avg": {
        "precision": 0.8443438914027149,
        "recall": 0.8384629069560576,
        "f1-score": 0.8389694041867954,
        "support": 150.0
      },
      "weighted avg": {
        "precision": 0.8434751131221719,
        "recall": 0.84,
        "f1-score": 0.8393129361245303,
        "support": 150.0
      }
    }
  },
  "source_model_config": {
    "run_name": "qwen3_0_6b__mlp",
    "encoder": "qwen3_0_6b",
    "head": "mlp",
    "device": "cuda",
    "input_dim": 1024,
    "epochs_requested": 60,
    "epochs_completed": 23,
    "best_epoch": 8,
    "batch_size": 64,
    "lr": 0.001,
    "weight_decay": 0.0001,
    "mlp_hidden_dim": 256,
    "dropout": 0.2
  }
}