{
  "run_name": "minilm__logreg",
  "encoder": "minilm",
  "head": "logreg",
  "hard_test_file": "D:\\ChengZY\\mode classifier\\CS181_Final_Project\\our_part\\data\\hard_test\\hard_test.csv",
  "metrics": {
    "accuracy": 0.68,
    "macro_f1": 0.6684472278504329,
    "false_motion_count": 36,
    "false_text_count": 12,
    "false_motion_rate_total": 0.24,
    "false_text_rate_total": 0.08,
    "false_motion_rate_by_chat": 0.4931506849315068,
    "false_text_rate_by_motion": 0.15584415584415584,
    "chat_accuracy": 0.5068493150684932,
    "motion_query_accuracy": 0.8441558441558441,
    "confusion_matrix": {
      "labels": [
        "chat",
        "motion_query"
      ],
      "matrix": [
        [
          37,
          36
        ],
        [
          12,
          65
        ]
      ]
    },
    "classification_report": {
      "chat": {
        "precision": 0.7551020408163265,
        "recall": 0.5068493150684932,
        "f1-score": 0.6065573770491803,
        "support": 73.0
      },
      "motion_query": {
        "precision": 0.6435643564356436,
        "recall": 0.8441558441558441,
        "f1-score": 0.7303370786516854,
        "support": 77.0
      },
      "accuracy": 0.68,
      "macro avg": {
        "precision": 0.699333198625985,
        "recall": 0.6755025796121686,
        "f1-score": 0.6684472278504329,
        "support": 150.0
      },
      "weighted avg": {
        "precision": 0.6978460295009092,
        "recall": 0.68,
        "f1-score": 0.6700976238717996,
        "support": 150.0
      }
    }
  },
  "source_model_config": {
    "run_name": "minilm__logreg",
    "encoder": "minilm",
    "head": "logreg",
    "device": "cuda",
    "input_dim": 384,
    "epochs_requested": 60,
    "epochs_completed": 60,
    "best_epoch": 60,
    "batch_size": 64,
    "lr": 0.001,
    "weight_decay": 0.0001,
    "mlp_hidden_dim": 256,
    "dropout": 0.2
  }
}